0.0000e+00,1.0000e+00,2.0000e+00,3.0000e+00
-4.4306e-03,6.0065e-03,0.0000e+00,2.0000e+01
-3.7335e-03,4.9796e-03,0.0000e+00,2.0000e+01
-2.7378e-03,3.6949e-03,0.0000e+00,2.0000e+01
-1.2334e-03,1.7429e-03,0.0000e+00,2.0000e+01
5.6663e-04,-7.6198e-04,0.0000e+00,2.0000e+01
2.2019e-03,-3.0870e-03,0.0000e+00,2.0000e+01
3.4098e-03,-4.6182e-03,0.0000e+00,2.0000e+01
4.2398e-03,-5.5498e-03,0.0000e+00,2.0000e+01
4.7506e-03,-6.4008e-03,0.0000e+00,2.0000e+01
4.9739e-03,-7.0421e-03,0.0000e+00,2.0000e+01
5.1140e-03,-6.9459e-03,0.0000e+00,2.0000e+01
4.9550e-03,-6.0665e-03,0.0000e+00,2.0000e+01
3.6002e-03,-4.7405e-03,0.0000e+00,2.0000e+01
1.2662e-03,-2.9679e-03,0.0000e+00,2.0000e+01
2.3814e-04,-5.6230e-04,0.0000e+00,2.0000e+01
1.5764e-03,1.9964e-03,0.0000e+00,2.0000e+01
2.6596e-03,3.3535e-03,0.0000e+00,2.0000e+01
1.3543e-03,2.4114e-03,0.0000e+00,2.0000e+01
2.8333e-06,-2.6567e-04,0.0000e+00,2.0000e+01
1.2068e-03,-2.6046e-03,0.0000e+00,2.0000e+01
2.7962e-03,-2.9884e-03,0.0000e+00,2.0000e+01
1.4353e-03,-2.0824e-03,0.0000e+00,2.0000e+01
-1.7602e-03,-1.8454e-03,0.0000e+00,2.0000e+01
-3.4384e-03,-2.7902e-03,0.0000e+00,2.0000e+01
-3.2714e-03,-3.8344e-03,0.0000e+00,2.0000e+01
-3.3475e-03,-4.3965e-03,0.0000e+00,2.0000e+01
-4.4547e-03,-5.0457e-03,0.0000e+00,2.0000e+01
-5.7605e-03,-6.2994e-03,0.0000e+00,2.0000e+01
-6.6549e-03,-7.6858e-03,0.0000e+00,2.0000e+01
-7.0443e-03,-8.2225e-03,0.0000e+00,2.0000e+01
-6.8508e-03,-7.7032e-03,0.0000e+00,2.0000e+01
-6.1482e-03,-6.9013e-03,0.0000e+00,2.0000e+01
-5.3383e-03,-6.3135e-03,0.0000e+00,2.0000e+01
-4.7683e-03,-5.5496e-03,0.0000e+00,2.0000e+01
-4.4292e-03,-4.6131e-03,0.0000e+00,2.0000e+01
-4.2659e-03,-4.6705e-03,0.0000e+00,2.0000e+01
-4.6862e-03,-6.2146e-03,0.0000e+00,2.0000e+01
-6.2122e-03,-7.5093e-03,0.0000e+00,2.0000e+01
-8.3176e-03,-6.9062e-03,0.0000e+00,2.0000e+01
-9.5189e-03,-5.6587e-03,0.0000e+00,2.0000e+01
-9.4474e-03,-5.7684e-03,0.0000e+00,2.0000e+01
-9.5625e-03,-6.4292e-03,0.0000e+00,2.0000e+01
-1.0884e-02,-5.7104e-03,0.0000e+00,2.0000e+01
-1.2632e-02,-3.9311e-03,0.0000e+00,2.0000e+01
-1.3716e-02,-2.7184e-03,0.0000e+00,2.0000e+01
-1.3664e-02,-2.5130e-03,0.0000e+00,2.0000e+01
-1.2501e-02,-2.5927e-03,0.0000e+00,2.0000e+01
-1.0800e-02,-2.2528e-03,0.0000e+00,2.0000e+01
-9.4970e-03,-1.6584e-03,0.0000e+00,2.0000e+01
-8.4045e-03,-1.9052e-03,0.0000e+00,2.0000e+01
-6.4940e-03,-3.7811e-03,0.0000e+00,2.0000e+01
-3.7418e-03,-6.5445e-03,0.0000e+00,2.0000e+01
-1.5559e-03,-9.1398e-03,0.0000e+00,2.0000e+01
-9.8550e-04,-1.2000e-02,0.0000e+00,2.0000e+01
-1.6715e-03,-1.5972e-02,0.0000e+00,2.0000e+01
-3.0214e-03,-2.0338e-02,0.0000e+00,2.0000e+01
-5.2743e-03,-2.3978e-02,0.0000e+00,2.0000e+01
-8.6270e-03,-2.7214e-02,0.0000e+00,2.0000e+01
-1.2199e-02,-3.0328e-02,0.0000e+00,2.0000e+01
-1.4759e-02,-3.2089e-02,0.0000e+00,2.0000e+01
-1.6089e-02,-3.2106e-02,0.0000e+00,2.0000e+01
-1.6703e-02,-3.2028e-02,0.0000e+00,2.0000e+01
-1.5929e-02,-3.1876e-02,0.0000e+00,2.0000e+01
-1.1528e-02,-2.8587e-02,0.0000e+00,2.0000e+01
-3.1188e-03,-2.1753e-02,0.0000e+00,2.0000e+01
5.5829e-03,-1.6428e-02,0.0000e+00,2.0000e+01
1.0921e-02,-1.5939e-02,0.0000e+00,2.0000e+01
1.5798e-02,-1.5050e-02,0.0000e+00,2.0000e+01
2.5815e-02,-7.1157e-03,0.0000e+00,2.0000e+01
4.2116e-02,7.7479e-03,0.0000e+00,2.0000e+01
5.7979e-02,2.2904e-02,0.0000e+00,2.0000e+01
7.2494e-02,3.9427e-02,0.0000e+00,2.0000e+01
8.5370e-02,5.8176e-02,0.0000e+00,2.0000e+01
1.0779e-01,8.7834e-02,0.0000e+00,2.0000e+01
1.1873e-01,1.0672e-01,0.0000e+00,2.0000e+01
1.3015e-01,1.2594e-01,0.0000e+00,2.0000e+01
1.5298e-01,1.5890e-01,0.0000e+00,2.0000e+01
1.6056e-01,1.7998e-01,0.0000e+00,2.0000e+01
1.7638e-01,2.0947e-01,0.0000e+00,2.0000e+01
1.8818e-01,2.3580e-01,0.0000e+00,2.0000e+01
1.9662e-01,2.5967e-01,0.0000e+00,2.0000e+01
2.0082e-01,2.7707e-01,0.0000e+00,2.0000e+01
2.0433e-01,2.8708e-01,0.0000e+00,2.0000e+01
2.0562e-01,2.8923e-01,0.0000e+00,2.0000e+01
2.0310e-01,2.8722e-01,0.0000e+00,2.0000e+01
1.9696e-01,2.8224e-01,0.0000e+00,2.0000e+01
1.8959e-01,2.7243e-01,0.0000e+00,2.0000e+01
1.8222e-01,2.5726e-01,0.0000e+00,2.0000e+01
1.7378e-01,2.3835e-01,0.0000e+00,2.0000e+01
1.6612e-01,2.2061e-01,0.0000e+00,2.0000e+01
1.5903e-01,2.0276e-01,0.0000e+00,2.0000e+01
1.5333e-01,1.8502e-01,0.0000e+00,2.0000e+01
1.4733e-01,1.6671e-01,0.0000e+00,2.0000e+01
1.4013e-01,1.4774e-01,0.0000e+00,2.0000e+01
1.3048e-01,1.2722e-01,0.0000e+00,2.0000e+01
1.2421e-01,1.1056e-01,0.0000e+00,2.0000e+01
1.1785e-01,9.6444e-02,0.0000e+00,2.0000e+01
1.0533e-01,8.0845e-02,0.0000e+00,2.0000e+01
9.8812e-02,7.2364e-02,0.0000e+00,2.0000e+01
9.4874e-02,6.5647e-02,0.0000e+00,2.0000e+01
8.4305e-02,5.5191e-02,0.0000e+00,2.0000e+01
7.5085e-02,4.7304e-02,0.0000e+00,2.0000e+01
6.9497e-02,4.3041e-02,0.0000e+00,2.0000e+01
6.2863e-02,3.8748e-02,0.0000e+00,2.0000e+01
5.5859e-02,3.5617e-02,0.0000e+00,2.0000e+01
4.9051e-02,3.4131e-02,0.0000e+00,2.0000e+01
4.3605e-02,3.4777e-02,0.0000e+00,2.0000e+01
3.8648e-02,3.7902e-02,0.0000e+00,2.0000e+01
3.3647e-02,4.4062e-02,0.0000e+00,2.0000e+01
2.8902e-02,5.1003e-02,0.0000e+00,2.0000e+01
2.5460e-02,5.5536e-02,0.0000e+00,2.0000e+01
2.3750e-02,5.8911e-02,0.0000e+00,2.0000e+01
2.2726e-02,6.5347e-02,0.0000e+00,2.0000e+01
2.1857e-02,7.5134e-02,0.0000e+00,2.0000e+01
2.2629e-02,8.3608e-02,0.0000e+00,2.0000e+01
2.6339e-02,8.7480e-02,0.0000e+00,2.0000e+01
3.1149e-02,8.8009e-02,0.0000e+00,2.0000e+01
3.3894e-02,8.7006e-02,0.0000e+00,2.0000e+01
3.4397e-02,8.3331e-02,0.0000e+00,2.0000e+01
3.4719e-02,7.5263e-02,0.0000e+00,2.0000e+01
3.4761e-02,6.3841e-02,0.0000e+00,2.0000e+01
3.2584e-02,5.1633e-02,0.0000e+00,2.0000e+01
2.8298e-02,3.9652e-02,0.0000e+00,2.0000e+01
2.3951e-02,2.7028e-02,0.0000e+00,2.0000e+01
2.0355e-02,1.3171e-02,0.0000e+00,2.0000e+01
1.7129e-02,-6.5605e-04,0.0000e+00,2.0000e+01
1.4620e-02,-1.2114e-02,0.0000e+00,2.0000e+01
1.3827e-02,-2.0101e-02,0.0000e+00,2.0000e+01
1.4817e-02,-2.5598e-02,0.0000e+00,2.0000e+01
1.6510e-02,-3.0014e-02,0.0000e+00,2.0000e+01
1.8378e-02,-3.3823e-02,0.0000e+00,2.0000e+01
2.1036e-02,-3.6401e-02,0.0000e+00,2.0000e+01
2.4666e-02,-3.6850e-02,0.0000e+00,2.0000e+01
2.7707e-02,-3.5665e-02,0.0000e+00,2.0000e+01
2.8627e-02,-3.4350e-02,0.0000e+00,2.0000e+01
2.8351e-02,-3.2072e-02,0.0000e+00,2.0000e+01
2.8311e-02,-2.6378e-02,0.0000e+00,2.0000e+01
2.8329e-02,-1.7693e-02,0.0000e+00,2.0000e+01
2.6433e-02,-1.0346e-02,0.0000e+00,2.0000e+01
2.4032e-02,-4.5554e-03,0.0000e+00,2.0000e+01
2.1316e-02,1.1980e-03,0.0000e+00,2.0000e+01
2.3120e-02,1.0789e-02,0.0000e+00,2.0000e+01
1.7228e-02,1.2018e-02,0.0000e+00,2.0000e+01
1.8817e-02,1.4602e-02,0.0000e+00,2.0000e+01
2.0690e-02,1.4070e-02,0.0000e+00,2.0000e+01
1.6909e-02,5.7943e-03,0.0000e+00,2.0000e+01
1.5991e-02,-2.1617e-03,0.0000e+00,2.0000e+01
1.4457e-02,-1.1479e-02,0.0000e+00,2.0000e+01
1.3488e-02,-1.9558e-02,0.0000e+00,2.0000e+01
1.1776e-02,-2.7195e-02,0.0000e+00,2.0000e+01
9.7287e-03,-3.3902e-02,0.0000e+00,2.0000e+01
8.2912e-03,-4.1823e-02,0.0000e+00,2.0000e+01
8.3965e-03,-4.6692e-02,0.0000e+00,2.0000e+01
6.7599e-03,-3.3925e-02,0.0000e+00,2.0000e+01
1.0671e-02,-4.3957e-02,0.0000e+00,2.0000e+01
1.1479e-02,-3.7190e-02,0.0000e+00,2.0000e+01
1.2591e-02,-3.5440e-02,0.0000e+00,2.0000e+01
1.4218e-02,-3.7713e-02,0.0000e+00,2.0000e+01
1.5432e-02,-4.0453e-02,0.0000e+00,2.0000e+01
1.5696e-02,-4.0573e-02,0.0000e+00,2.0000e+01
1.5963e-02,-3.6888e-02,0.0000e+00,2.0000e+01
1.7149e-02,-3.0054e-02,0.0000e+00,2.0000e+01
1.8286e-02,-2.3209e-02,0.0000e+00,2.0000e+01
1.7952e-02,-1.9563e-02,0.0000e+00,2.0000e+01
1.6463e-02,-1.7674e-02,0.0000e+00,2.0000e+01
1.5790e-02,-1.3410e-02,0.0000e+00,2.0000e+01
1.6922e-02,-6.5774e-03,0.0000e+00,2.0000e+01
1.9066e-02,-6.7997e-04,0.0000e+00,2.0000e+01
2.0032e-02,2.6681e-03,0.0000e+00,2.0000e+01
2.0654e-02,5.9702e-03,0.0000e+00,2.0000e+01
2.0760e-02,9.3096e-03,0.0000e+00,2.0000e+01
2.4693e-02,1.1938e-02,0.0000e+00,2.0000e+01
2.2163e-02,9.4220e-03,0.0000e+00,2.0000e+01
1.8037e-02,5.9836e-03,0.0000e+00,2.0000e+01
2.0814e-02,4.2905e-03,0.0000e+00,2.0000e+01
1.3707e-02,-2.3985e-03,0.0000e+00,2.0000e+01
1.1384e-02,-7.5696e-03,0.0000e+00,2.0000e+01
9.0824e-03,-9.9492e-03,0.0000e+00,2.0000e+01
7.8461e-03,-8.4886e-03,0.0000e+00,2.0000e+01
6.7709e-03,-7.1028e-03,0.0000e+00,2.0000e+01
6.5457e-03,-7.3202e-03,0.0000e+00,2.0000e+01
5.7989e-03,-6.2438e-03,0.0000e+00,2.0000e+01
3.9767e-03,-1.2036e-03,0.0000e+00,2.0000e+01
2.0154e-03,4.6620e-03,0.0000e+00,2.0000e+01
1.3165e-03,6.0939e-03,0.0000e+00,2.0000e+01
1.4683e-03,2.8553e-03,0.0000e+00,2.0000e+01
7.7411e-04,-7.4373e-05,0.0000e+00,2.0000e+01
-1.2903e-03,6.5357e-04,0.0000e+00,2.0000e+01
-2.9388e-03,2.8405e-03,0.0000e+00,2.0000e+01
-2.3751e-03,2.8660e-03,0.0000e+00,2.0000e+01
-3.9349e-04,7.4422e-04,0.0000e+00,2.0000e+01
7.3631e-04,-1.0388e-03,0.0000e+00,2.0000e+01
1.6813e-04,-8.5024e-04,0.0000e+00,2.0000e+01
-9.8864e-04,1.5379e-03,0.0000e+00,2.0000e+01
-1.4749e-03,5.4824e-03,0.0000e+00,2.0000e+01
-1.1647e-03,9.7410e-03,0.0000e+00,2.0000e+01
-6.1506e-04,1.3461e-02,0.0000e+00,2.0000e+01
-7.0413e-05,1.6652e-02,0.0000e+00,2.0000e+01
5.4614e-04,1.9392e-02,0.0000e+00,2.0000e+01
1.1250e-03,2.1115e-02,0.0000e+00,2.0000e+01
1.3310e-03,2.0816e-02,0.0000e+00,2.0000e+01
8.5551e-04,1.8276e-02,0.0000e+00,2.0000e+01
-1.9495e-04,1.4860e-02,0.0000e+00,2.0000e+01
-1.0897e-03,1.1853e-02,0.0000e+00,2.0000e+01
-1.2600e-03,8.3604e-03,0.0000e+00,2.0000e+01
-1.2316e-03,3.1063e-03,0.0000e+00,2.0000e+01
-1.6637e-03,-2.3887e-03,0.0000e+00,2.0000e+01
-1.7006e-03,-5.8699e-03,0.0000e+00,2.0000e+01
5.6371e-05,-7.8055e-03,0.0000e+00,2.0000e+01
3.0318e-03,-9.7602e-03,0.0000e+00,2.0000e+01
5.1824e-03,-1.1553e-02,0.0000e+00,2.0000e+01
5.8814e-03,-1.2106e-02,0.0000e+00,2.0000e+01
6.4526e-03,-1.1184e-02,0.0000e+00,2.0000e+01
7.7882e-03,-9.0436e-03,0.0000e+00,2.0000e+01
8.9446e-03,-6.0544e-03,0.0000e+00,2.0000e+01
8.4233e-03,-2.7883e-03,0.0000e+00,2.0000e+01
6.0910e-03,4.3660e-04,0.0000e+00,2.0000e+01
3.6212e-03,3.5492e-03,0.0000e+00,2.0000e+01
2.6450e-03,5.5724e-03,0.0000e+00,2.0000e+01
2.3550e-03,5.2859e-03,0.0000e+00,2.0000e+01
6.2196e-04,3.5205e-03,0.0000e+00,2.0000e+01
-2.0372e-03,2.4116e-03,0.0000e+00,2.0000e+01
-2.7319e-03,2.3147e-03,0.0000e+00,2.0000e+01
-1.2109e-03,1.7974e-03,0.0000e+00,2.0000e+01
-4.1666e-04,-2.7451e-04,0.0000e+00,2.0000e+01
-1.3630e-03,-4.3784e-03,0.0000e+00,2.0000e+01
-2.3169e-03,-1.0277e-02,0.0000e+00,2.0000e+01
-2.9797e-03,-1.5984e-02,0.0000e+00,2.0000e+01
-4.4146e-03,-1.9684e-02,0.0000e+00,2.0000e+01
-5.5931e-03,-2.1924e-02,0.0000e+00,2.0000e+01
-5.3153e-03,-2.3644e-02,0.0000e+00,2.0000e+01
-4.9363e-03,-2.1848e-02,0.0000e+00,2.0000e+01
-5.9612e-03,-1.7872e-02,0.0000e+00,2.0000e+01
-6.1525e-03,-1.4886e-02,0.0000e+00,2.0000e+01
-5.5218e-03,-2.1578e-02,0.0000e+00,2.0000e+01
-3.7689e-03,-1.9759e-02,0.0000e+00,2.0000e+01
-3.9119e-03,-1.6402e-02,0.0000e+00,2.0000e+01
-6.3476e-03,-1.8454e-02,0.0000e+00,2.0000e+01
-3.8667e-03,-9.2105e-03,0.0000e+00,2.0000e+01
-4.8707e-04,-9.1206e-03,0.0000e+00,2.0000e+01
1.2617e-03,-7.9962e-03,0.0000e+00,2.0000e+01
4.2936e-04,-4.0266e-03,0.0000e+00,2.0000e+01
-4.6064e-05,1.7136e-03,0.0000e+00,2.0000e+01
7.7604e-04,3.9579e-03,0.0000e+00,2.0000e+01
1.7621e-03,3.9442e-03,0.0000e+00,2.0000e+01
2.2455e-03,4.9580e-03,0.0000e+00,2.0000e+01
2.5763e-03,7.1426e-03,0.0000e+00,2.0000e+01
2.6289e-03,7.7018e-03,0.0000e+00,2.0000e+01
2.2760e-03,6.2099e-03,0.0000e+00,2.0000e+01
2.0258e-03,4.8639e-03,0.0000e+00,2.0000e+01
1.8810e-03,4.5013e-03,0.0000e+00,2.0000e+01
9.4960e-04,3.2524e-03,0.0000e+00,2.0000e+01
-5.8745e-04,-1.6435e-04,0.0000e+00,2.0000e+01
-1.0297e-03,-4.3276e-03,0.0000e+00,2.0000e+01
8.5597e-05,-7.1415e-03,0.0000e+00,2.0000e+01
1.0609e-03,-8.1807e-03,0.0000e+00,2.0000e+01
1.0923e-03,-7.9774e-03,0.0000e+00,2.0000e+01
1.5921e-03,-6.6101e-03,0.0000e+00,2.0000e+01
3.2552e-03,-4.7385e-03,0.0000e+00,2.0000e+01
4.5324e-03,-4.1472e-03,0.0000e+00,2.0000e+01
4.3214e-03,-4.9565e-03,0.0000e+00,2.0000e+01
3.8370e-03,-4.5552e-03,0.0000e+00,2.0000e+01
4.3004e-03,-1.7211e-03,0.0000e+00,2.0000e+01
4.7445e-03,5.8227e-04,0.0000e+00,2.0000e+01
3.9392e-03,-4.3236e-04,0.0000e+00,2.0000e+01
2.8798e-03,-3.0740e-03,0.0000e+00,2.0000e+01
3.2741e-03,-4.2111e-03,0.0000e+00,2.0000e+01
4.7943e-03,-4.6384e-03,0.0000e+00,2.0000e+01
5.8087e-03,-6.8576e-03,0.0000e+00,2.0000e+01
6.0148e-03,-1.1083e-02,0.0000e+00,2.0000e+01
6.3960e-03,-1.3745e-02,0.0000e+00,2.0000e+01
6.9041e-03,-1.4621e-02,0.0000e+00,2.0000e+01
6.3464e-03,-1.6867e-02,0.0000e+00,2.0000e+01
4.6092e-03,-2.8670e-02,0.0000e+00,2.0000e+01
2.0648e-03,-4.2892e-02,0.0000e+00,2.0000e+01
1.6158e-04,-2.8956e-02,0.0000e+00,2.0000e+01
-1.4674e-03,-5.8881e-02,0.0000e+00,2.0000e+01
-3.7799e-03,-5.8746e-02,0.0000e+00,2.0000e+01
-5.0263e-03,-6.1011e-02,0.0000e+00,2.0000e+01
-5.6093e-03,-6.7413e-02,0.0000e+00,2.0000e+01
-6.0319e-03,-7.3124e-02,0.0000e+00,2.0000e+01
-6.5690e-03,-7.5364e-02,0.0000e+00,2.0000e+01
-6.6907e-03,-7.5824e-02,0.0000e+00,2.0000e+01
-6.1119e-03,-7.6728e-02,0.0000e+00,2.0000e+01
-5.1908e-03,-7.7233e-02,0.0000e+00,2.0000e+01
-4.5099e-03,-7.5840e-02,0.0000e+00,2.0000e+01
-4.1703e-03,-7.1989e-02,0.0000e+00,2.0000e+01
-3.8435e-03,-6.7162e-02,0.0000e+00,2.0000e+01
-3.3504e-03,-6.2834e-02,0.0000e+00,2.0000e+01
-3.0900e-03,-5.9390e-02,0.0000e+00,2.0000e+01
-3.7339e-03,-5.6952e-02,0.0000e+00,2.0000e+01
-5.5130e-03,-5.6215e-02,0.0000e+00,2.0000e+01
-8.0308e-03,-5.8446e-02,0.0000e+00,2.0000e+01
-1.0746e-02,-6.3232e-02,0.0000e+00,2.0000e+01
-1.3574e-02,-6.8963e-02,0.0000e+00,2.0000e+01
-1.6792e-02,-7.5063e-02,0.0000e+00,2.0000e+01
-2.0240e-02,-8.2062e-02,0.0000e+00,2.0000e+01
-2.3338e-02,-8.9728e-02,0.0000e+00,2.0000e+01
-2.5692e-02,-9.6159e-02,0.0000e+00,2.0000e+01
-2.7753e-02,-1.0036e-01,0.0000e+00,2.0000e+01
-2.9185e-02,-1.0161e-01,0.0000e+00,2.0000e+01
-2.9902e-02,-1.0149e-01,0.0000e+00,2.0000e+01
-3.0009e-02,-9.8918e-02,0.0000e+00,2.0000e+01
-3.3618e-02,-9.8153e-02,0.0000e+00,2.0000e+01
-3.7211e-02,-9.1601e-02,0.0000e+00,2.0000e+01
-3.8272e-02,-8.2815e-02,0.0000e+00,2.0000e+01
-4.2623e-02,-8.7845e-02,0.0000e+00,2.0000e+01
-4.1153e-02,-8.0434e-02,0.0000e+00,2.0000e+01
-4.3922e-02,-7.6115e-02,0.0000e+00,2.0000e+01
-4.7709e-02,-7.1232e-02,0.0000e+00,2.0000e+01
-5.0107e-02,-6.8282e-02,0.0000e+00,2.0000e+01
-5.0041e-02,-6.3926e-02,0.0000e+00,2.0000e+01
-5.0136e-02,-5.7786e-02,0.0000e+00,2.0000e+01
-5.0978e-02,-5.0492e-02,0.0000e+00,2.0000e+01
-5.1290e-02,-4.3820e-02,0.0000e+00,2.0000e+01
-4.9956e-02,-3.7370e-02,0.0000e+00,2.0000e+01
-4.7856e-02,-3.0448e-02,0.0000e+00,2.0000e+01
-4.6062e-02,-2.3293e-02,0.0000e+00,2.0000e+01
-4.4595e-02,-1.6625e-02,0.0000e+00,2.0000e+01
-4.2961e-02,-1.0788e-02,0.0000e+00,2.0000e+01
-4.1698e-02,-6.6703e-03,0.0000e+00,2.0000e+01
-4.1390e-02,-5.4827e-03,0.0000e+00,2.0000e+01
-4.2864e-02,-7.6909e-03,0.0000e+00,2.0000e+01
-4.4093e-02,-1.1065e-02,0.0000e+00,2.0000e+01
-4.5895e-02,-1.4408e-02,0.0000e+00,2.0000e+01
-4.6114e-02,-1.6592e-02,0.0000e+00,2.0000e+01
-5.3604e-02,-2.1478e-02,0.0000e+00,2.0000e+01
-5.1889e-02,-2.1524e-02,0.0000e+00,2.0000e+01
-5.2536e-02,-2.0947e-02,0.0000e+00,2.0000e+01
-6.3458e-02,-2.3016e-02,0.0000e+00,2.0000e+01
-5.9167e-02,-1.8468e-02,0.0000e+00,2.0000e+01
-6.2516e-02,-1.7341e-02,0.0000e+00,2.0000e+01
-6.6317e-02,-1.6082e-02,0.0000e+00,2.0000e+01
-7.0083e-02,-1.4942e-02,0.0000e+00,2.0000e+01
-7.3002e-02,-1.4330e-02,0.0000e+00,2.0000e+01
-7.5880e-02,-1.5284e-02,0.0000e+00,2.0000e+01
-8.5853e-02,-1.7627e-02,0.0000e+00,2.0000e+01
-8.5235e-02,-1.6565e-02,0.0000e+00,2.0000e+01
-9.0686e-02,-1.5906e-02,0.0000e+00,2.0000e+01
-9.8290e-02,-1.6214e-02,0.0000e+00,2.0000e+01
-9.7536e-02,-1.5303e-02,0.0000e+00,2.0000e+01
-1.0284e-01,-1.4294e-02,0.0000e+00,2.0000e+01
-1.0642e-01,-1.2292e-02,0.0000e+00,2.0000e+01
-1.0921e-01,-1.1260e-02,0.0000e+00,2.0000e+01
-1.1091e-01,-1.0944e-02,0.0000e+00,2.0000e+01
-1.1357e-01,-1.0379e-02,0.0000e+00,2.0000e+01
-1.1608e-01,-9.4947e-03,0.0000e+00,2.0000e+01
-1.1736e-01,-8.9854e-03,0.0000e+00,2.0000e+01
-1.1757e-01,-8.3764e-03,0.0000e+00,2.0000e+01
-1.1683e-01,-7.0593e-03,0.0000e+00,2.0000e+01
-1.1496e-01,-6.0313e-03,0.0000e+00,2.0000e+01
-1.1080e-01,-6.2835e-03,0.0000e+00,2.0000e+01
-1.0605e-01,-6.4405e-03,0.0000e+00,2.0000e+01
-1.0033e-01,-4.6353e-03,0.0000e+00,2.0000e+01
-9.8280e-02,-2.4309e-03,0.0000e+00,2.0000e+01
-9.3609e-02,-1.3561e-03,0.0000e+00,2.0000e+01
-8.1654e-02,-1.9298e-03,0.0000e+00,2.0000e+01
-8.5481e-02,-2.8589e-03,0.0000e+00,2.0000e+01
-7.7857e-02,-2.7803e-03,0.0000e+00,2.0000e+01
-7.3269e-02,-2.8637e-03,0.0000e+00,2.0000e+01
-6.9388e-02,-3.6135e-03,0.0000e+00,2.0000e+01
-6.8440e-02,-4.4825e-03,0.0000e+00,2.0000e+01
-6.9734e-02,-5.8019e-03,0.0000e+00,2.0000e+01
-5.4793e-02,-5.9889e-03,0.0000e+00,2.0000e+01
-6.2369e-02,-9.5154e-03,0.0000e+00,2.0000e+01
-5.5380e-02,-1.1389e-02,0.0000e+00,2.0000e+01
-5.0770e-02,-1.1984e-02,0.0000e+00,2.0000e+01
-4.9080e-02,-1.2279e-02,0.0000e+00,2.0000e+01
-4.5731e-02,-1.2459e-02,0.0000e+00,2.0000e+01
-4.1065e-02,-1.1772e-02,0.0000e+00,2.0000e+01
-3.6944e-02,-9.4537e-03,0.0000e+00,2.0000e+01
-3.4125e-02,-6.4126e-03,0.0000e+00,2.0000e+01
-3.0875e-02,-3.7515e-03,0.0000e+00,2.0000e+01
-2.6772e-02,-1.3307e-03,0.0000e+00,2.0000e+01
-2.3330e-02,1.4820e-03,0.0000e+00,2.0000e+01
-2.1421e-02,4.6283e-03,0.0000e+00,2.0000e+01
-2.0116e-02,7.6792e-03,0.0000e+00,2.0000e+01
-1.8317e-02,1.0596e-02,0.0000e+00,2.0000e+01
-1.6387e-02,1.3270e-02,0.0000e+00,2.0000e+01
-1.5431e-02,1.5084e-02,0.0000e+00,2.0000e+01
-1.5298e-02,1.5631e-02,0.0000e+00,2.0000e+01
-1.4795e-02,1.5141e-02,0.0000e+00,2.0000e+01
-1.3752e-02,1.3961e-02,0.0000e+00,2.0000e+01
-1.3057e-02,1.2378e-02,0.0000e+00,2.0000e+01
-1.3009e-02,1.0546e-02,0.0000e+00,2.0000e+01
-1.3133e-02,8.2614e-03,0.0000e+00,2.0000e+01
-1.3187e-02,5.5004e-03,0.0000e+00,2.0000e+01
-1.3485e-02,2.7212e-03,0.0000e+00,2.0000e+01
-1.4310e-02,6.0574e-05,0.0000e+00,2.0000e+01
-1.5376e-02,-2.7735e-03,0.0000e+00,2.0000e+01
-1.6338e-02,-5.8578e-03,0.0000e+00,2.0000e+01
-1.7406e-02,-9.5950e-03,0.0000e+00,2.0000e+01
-1.8976e-02,-1.5371e-02,0.0000e+00,2.0000e+01
-2.1381e-02,-2.3667e-02,0.0000e+00,2.0000e+01
-2.4742e-02,-3.2305e-02,0.0000e+00,2.0000e+01
-2.9119e-02,-3.8917e-02,0.0000e+00,2.0000e+01
-3.3921e-02,-4.3725e-02,0.0000e+00,2.0000e+01
-3.8151e-02,-4.8429e-02,0.0000e+00,2.0000e+01
-4.1324e-02,-5.3334e-02,0.0000e+00,2.0000e+01
-4.3972e-02,-5.6903e-02,0.0000e+00,2.0000e+01
-4.6676e-02,-5.7771e-02,0.0000e+00,2.0000e+01
-4.9031e-02,-5.6608e-02,0.0000e+00,2.0000e+01
-5.0305e-02,-5.5261e-02,0.0000e+00,2.0000e+01
-5.0616e-02,-5.4072e-02,0.0000e+00,2.0000e+01
-5.0594e-02,-5.1526e-02,0.0000e+00,2.0000e+01
-5.0342e-02,-4.6608e-02,0.0000e+00,2.0000e+01
-4.9268e-02,-3.9944e-02,0.0000e+00,2.0000e+01
-4.6970e-02,-3.2651e-02,0.0000e+00,2.0000e+01
-4.4014e-02,-2.5284e-02,0.0000e+00,2.0000e+01
-4.1515e-02,-1.8223e-02,0.0000e+00,2.0000e+01
-3.9661e-02,-1.1874e-02,0.0000e+00,2.0000e+01
-3.7592e-02,-6.3703e-03,0.0000e+00,2.0000e+01
-3.5330e-02,-2.1284e-03,0.0000e+00,2.0000e+01
-3.3057e-02,2.5961e-04,0.0000e+00,2.0000e+01
-3.0495e-02,6.8767e-04,0.0000e+00,2.0000e+01
-2.7184e-02,-3.8121e-04,0.0000e+00,2.0000e+01
-2.3318e-02,-2.8185e-03,0.0000e+00,2.0000e+01
-1.9431e-02,-6.7772e-03,0.0000e+00,2.0000e+01
-1.5909e-02,-1.1796e-02,0.0000e+00,2.0000e+01
-1.2798e-02,-1.6987e-02,0.0000e+00,2.0000e+01
-9.9963e-03,-2.1274e-02,0.0000e+00,2.0000e+01
-7.3472e-03,-2.4578e-02,0.0000e+00,2.0000e+01
-4.7915e-03,-2.7432e-02,0.0000e+00,2.0000e+01
-1.9821e-03,-3.0846e-02,0.0000e+00,2.0000e+01
4.8895e-04,-3.1548e-02,0.0000e+00,2.0000e+01
2.7317e-03,-3.0455e-02,0.0000e+00,2.0000e+01
4.3498e-03,-2.8273e-02,0.0000e+00,2.0000e+01
7.5739e-03,-3.4862e-02,0.0000e+00,2.0000e+01
7.4483e-03,-2.9526e-02,0.0000e+00,2.0000e+01
2.2417e-03,-8.1934e-03,0.0000e+00,2.0000e+01
8.8727e-03,-3.0101e-02,0.0000e+00,2.0000e+01
6.5491e-03,-1.8306e-02,0.0000e+00,2.0000e+01
5.5477e-03,-1.3182e-02,0.0000e+00,2.0000e+01
6.3161e-03,-1.2024e-02,0.0000e+00,2.0000e+01
7.6856e-03,-1.1927e-02,0.0000e+00,2.0000e+01
7.7696e-03,-1.0484e-02,0.0000e+00,2.0000e+01
7.2668e-03,-9.4864e-03,0.0000e+00,2.0000e+01
7.6414e-03,-9.6608e-03,0.0000e+00,2.0000e+01
8.2555e-03,-1.1161e-02,0.0000e+00,2.0000e+01
7.3859e-03,-1.3959e-02,0.0000e+00,2.0000e+01
5.3372e-03,-1.6836e-02,0.0000e+00,2.0000e+01
4.0242e-03,-1.8175e-02,0.0000e+00,2.0000e+01
4.1475e-03,-1.7821e-02,0.0000e+00,2.0000e+01
5.0509e-03,-1.6515e-02,0.0000e+00,2.0000e+01
6.2168e-03,-1.4320e-02,0.0000e+00,2.0000e+01
7.2671e-03,-1.1569e-02,0.0000e+00,2.0000e+01
7.5404e-03,-9.5221e-03,0.0000e+00,2.0000e+01
6.7112e-03,-8.4981e-03,0.0000e+00,2.0000e+01
5.1112e-03,-7.1513e-03,0.0000e+00,2.0000e+01
3.2998e-03,-4.7199e-03,0.0000e+00,2.0000e+01
1.9057e-03,-2.4443e-03,0.0000e+00,2.0000e+01
1.4778e-03,-1.8341e-03,0.0000e+00,2.0000e+01
1.8546e-03,-2.5509e-03,0.0000e+00,2.0000e+01
2.2799e-03,-3.1703e-03,0.0000e+00,2.0000e+01
2.4053e-03,-3.2224e-03,0.0000e+00,2.0000e+01
2.4257e-03,-3.1760e-03,0.0000e+00,2.0000e+01
2.5493e-03,-3.4064e-03,0.0000e+00,2.0000e+01
2.7658e-03,-3.8162e-03,0.0000e+00,2.0000e+01
2.6967e-03,-3.6861e-03,0.0000e+00,2.0000e+01
1.8577e-03,-2.3459e-03,0.0000e+00,2.0000e+01
5.0270e-04,-5.3631e-04,0.0000e+00,2.0000e+01
-3.8598e-04,2.6284e-04,0.0000e+00,2.0000e+01
-2.6910e-04,7.1207e-05,0.0000e+00,2.0000e+01
3.2001e-04,6.8028e-05,0.0000e+00,2.0000e+01
3.5802e-04,2.2470e-04,0.0000e+00,2.0000e+01
-5.9246e-04,-5.3030e-04,0.0000e+00,2.0000e+01
-1.8704e-03,-2.0471e-03,0.0000e+00,2.0000e+01
-2.6787e-03,-3.1555e-03,0.0000e+00,2.0000e+01
-3.2406e-03,-3.7756e-03,0.0000e+00,2.0000e+01
-4.0895e-03,-4.6461e-03,0.0000e+00,2.0000e+01
-4.8847e-03,-5.5704e-03,0.0000e+00,2.0000e+01
-5.1087e-03,-5.8862e-03,0.0000e+00,2.0000e+01
-5.0500e-03,-5.7975e-03,0.0000e+00,2.0000e+01
-5.3761e-03,-6.1181e-03,0.0000e+00,2.0000e+01
-6.2434e-03,-7.1332e-03,0.0000e+00,2.0000e+01
-7.3476e-03,-8.4429e-03,0.0000e+00,2.0000e+01
-8.5664e-03,-9.7768e-03,0.0000e+00,2.0000e+01
-1.0121e-02,-1.1453e-02,0.0000e+00,2.0000e+01
-1.2221e-02,-1.3911e-02,0.0000e+00,2.0000e+01
-1.4689e-02,-1.6843e-02,0.0000e+00,2.0000e+01
-1.7213e-02,-1.9519e-02,0.0000e+00,2.0000e+01
-1.9775e-02,-2.2074e-02,0.0000e+00,2.0000e+01
-2.2422e-02,-2.5284e-02,0.0000e+00,2.0000e+01
-2.4853e-02,-2.8607e-02,0.0000e+00,2.0000e+01
-2.6719e-02,-2.9992e-02,0.0000e+00,2.0000e+01
-2.8089e-02,-2.8602e-02,0.0000e+00,2.0000e+01
-2.9175e-02,-2.6084e-02,0.0000e+00,2.0000e+01
-2.9728e-02,-2.3985e-02,0.0000e+00,2.0000e+01
-2.8991e-02,-2.1944e-02,0.0000e+00,2.0000e+01
-2.6449e-02,-1.9373e-02,0.0000e+00,2.0000e+01
-2.2499e-02,-1.6641e-02,0.0000e+00,2.0000e+01
-1.7939e-02,-1.4489e-02,0.0000e+00,2.0000e+01
-1.2690e-02,-1.4333e-02,0.0000e+00,2.0000e+01
-6.2439e-03,-1.8605e-02,0.0000e+00,2.0000e+01
2.0338e-03,-2.7848e-02,0.0000e+00,2.0000e+01
1.3022e-02,-4.0069e-02,0.0000e+00,2.0000e+01
2.7702e-02,-5.4168e-02,0.0000e+00,2.0000e+01
4.5824e-02,-7.1075e-02,0.0000e+00,2.0000e+01
6.5711e-02,-9.1032e-02,0.0000e+00,2.0000e+01
8.6050e-02,-1.1218e-01,0.0000e+00,2.0000e+01
1.0669e-01,-1.3275e-01,0.0000e+00,2.0000e+01
1.2657e-01,-1.5208e-01,0.0000e+00,2.0000e+01
1.4438e-01,-1.7067e-01,0.0000e+00,2.0000e+01
1.5941e-01,-1.8790e-01,0.0000e+00,2.0000e+01
1.7281e-01,-2.0364e-01,0.0000e+00,2.0000e+01
1.8102e-01,-2.1353e-01,0.0000e+00,2.0000e+01
1.8569e-01,-2.1854e-01,0.0000e+00,2.0000e+01
1.8606e-01,-2.1567e-01,0.0000e+00,2.0000e+01
1.9747e-01,-2.2123e-01,0.0000e+00,2.0000e+01
1.9391e-01,-2.1100e-01,0.0000e+00,2.0000e+01
1.8596e-01,-1.9940e-01,0.0000e+00,2.0000e+01
1.9845e-01,-2.1135e-01,0.0000e+00,2.0000e+01
1.8612e-01,-1.9550e-01,0.0000e+00,2.0000e+01
1.8719e-01,-1.9348e-01,0.0000e+00,2.0000e+01
1.8441e-01,-1.8904e-01,0.0000e+00,2.0000e+01
1.7866e-01,-1.8273e-01,0.0000e+00,2.0000e+01
1.7690e-01,-1.7655e-01,0.0000e+00,2.0000e+01
1.7490e-01,-1.6515e-01,0.0000e+00,2.0000e+01
1.5912e-01,-1.4099e-01,0.0000e+00,2.0000e+01
1.6837e-01,-1.4291e-01,0.0000e+00,2.0000e+01
1.5251e-01,-1.2681e-01,0.0000e+00,2.0000e+01
1.4586e-01,-1.2048e-01,0.0000e+00,2.0000e+01
1.4074e-01,-1.1441e-01,0.0000e+00,2.0000e+01
1.3511e-01,-1.0771e-01,0.0000e+00,2.0000e+01
1.2760e-01,-1.0016e-01,0.0000e+00,2.0000e+01
1.2238e-01,-9.5079e-02,0.0000e+00,2.0000e+01
1.1813e-01,-9.0778e-02,0.0000e+00,2.0000e+01
1.1402e-01,-8.6260e-02,0.0000e+00,2.0000e+01
1.0872e-01,-8.0915e-02,0.0000e+00,2.0000e+01
1.0902e-01,-8.0486e-02,0.0000e+00,2.0000e+01
1.0533e-01,-7.7608e-02,0.0000e+00,2.0000e+01
9.7316e-02,-7.0484e-02,0.0000e+00,2.0000e+01
1.0300e-01,-7.0894e-02,0.0000e+00,2.0000e+01
9.2992e-02,-5.8578e-02,0.0000e+00,2.0000e+01
8.7932e-02,-5.0726e-02,0.0000e+00,2.0000e+01
8.1120e-02,-4.1979e-02,0.0000e+00,2.0000e+01
7.4047e-02,-3.1444e-02,0.0000e+00,2.0000e+01
6.6193e-02,-1.8750e-02,0.0000e+00,2.0000e+01
5.9562e-02,-7.9907e-03,0.0000e+00,2.0000e+01
5.3642e-02,-8.1930e-04,0.0000e+00,2.0000e+01
4.8181e-02,3.6189e-03,0.0000e+00,2.0000e+01
4.3517e-02,6.8783e-03,0.0000e+00,2.0000e+01
4.0276e-02,9.2839e-03,0.0000e+00,2.0000e+01
3.8552e-02,1.0572e-02,0.0000e+00,2.0000e+01
3.8198e-02,1.0419e-02,0.0000e+00,2.0000e+01
3.8550e-02,8.5236e-03,0.0000e+00,2.0000e+01
3.8308e-02,4.7405e-03,0.0000e+00,2.0000e+01
3.6670e-02,-6.9197e-04,0.0000e+00,2.0000e+01
3.4089e-02,-7.2075e-03,0.0000e+00,2.0000e+01
3.1249e-02,-1.4032e-02,0.0000e+00,2.0000e+01
2.8438e-02,-2.0261e-02,0.0000e+00,2.0000e+01
2.6017e-02,-2.5027e-02,0.0000e+00,2.0000e+01
2.4211e-02,-2.8193e-02,0.0000e+00,2.0000e+01
2.2722e-02,-3.0559e-02,0.0000e+00,2.0000e+01
2.1322e-02,-3.2865e-02,0.0000e+00,2.0000e+01
2.0175e-02,-3.4964e-02,0.0000e+00,2.0000e+01
1.9258e-02,-3.6182e-02,0.0000e+00,2.0000e+01
1.8642e-02,-3.5949e-02,0.0000e+00,2.0000e+01
1.8870e-02,-3.4123e-02,0.0000e+00,2.0000e+01
2.0320e-02,-3.0866e-02,0.0000e+00,2.0000e+01
2.2979e-02,-2.6582e-02,0.0000e+00,2.0000e+01
2.6599e-02,-2.2355e-02,0.0000e+00,2.0000e+01
3.0070e-02,-1.9825e-02,0.0000e+00,2.0000e+01
3.1914e-02,-1.9642e-02,0.0000e+00,2.0000e+01
3.2365e-02,-2.0504e-02,0.0000e+00,2.0000e+01
3.3161e-02,-2.0856e-02,0.0000e+00,2.0000e+01
3.4540e-02,-2.0997e-02,0.0000e+00,2.0000e+01
3.4801e-02,-2.2398e-02,0.0000e+00,2.0000e+01
3.3465e-02,-2.5420e-02,0.0000e+00,2.0000e+01
3.2035e-02,-2.8827e-02,0.0000e+00,2.0000e+01
3.0942e-02,-3.1758e-02,0.0000e+00,2.0000e+01
2.8765e-02,-3.4547e-02,0.0000e+00,2.0000e+01
2.4974e-02,-3.7706e-02,0.0000e+00,2.0000e+01
2.0868e-02,-4.0143e-02,0.0000e+00,2.0000e+01
1.7530e-02,-4.1371e-02,0.0000e+00,2.0000e+01
1.4235e-02,-4.0221e-02,0.0000e+00,2.0000e+01
1.0426e-02,-3.8729e-02,0.0000e+00,2.0000e+01
6.9385e-03,-3.5558e-02,0.0000e+00,2.0000e+01
4.8523e-03,-3.7237e-02,0.0000e+00,2.0000e+01
2.5110e-03,-2.8868e-02,0.0000e+00,2.0000e+01
4.1107e-04,-2.5685e-02,0.0000e+00,2.0000e+01
-2.5064e-03,-3.0843e-02,0.0000e+00,2.0000e+01
-6.5574e-03,-2.6779e-02,0.0000e+00,2.0000e+01
-1.0696e-02,-2.9980e-02,0.0000e+00,2.0000e+01
-1.4840e-02,-3.1568e-02,0.0000e+00,2.0000e+01
-1.7426e-02,-3.2119e-02,0.0000e+00,2.0000e+01
-1.8041e-02,-3.0747e-02,0.0000e+00,2.0000e+01
-1.7850e-02,-2.9664e-02,0.0000e+00,2.0000e+01
-1.8328e-02,-2.7717e-02,0.0000e+00,2.0000e+01
-1.9593e-02,-2.4442e-02,0.0000e+00,2.0000e+01
-2.0392e-02,-2.1212e-02,0.0000e+00,2.0000e+01
-1.9603e-02,-1.9833e-02,0.0000e+00,2.0000e+01
-1.7442e-02,-1.8946e-02,0.0000e+00,2.0000e+01
-1.5668e-02,-1.6435e-02,0.0000e+00,2.0000e+01
-1.4828e-02,-1.2328e-02,0.0000e+00,2.0000e+01
-1.3005e-02,-7.8295e-03,0.0000e+00,2.0000e+01
-9.0831e-03,-3.3061e-03,0.0000e+00,2.0000e+01
-5.0883e-03,7.7725e-04,0.0000e+00,2.0000e+01
-3.4749e-03,2.6030e-03,0.0000e+00,2.0000e+01
-3.4675e-03,1.8802e-03,0.0000e+00,2.0000e+01
-2.5558e-03,1.5115e-03,0.0000e+00,2.0000e+01
-8.2769e-05,3.7515e-03,0.0000e+00,2.0000e+01
2.5810e-03,7.0662e-03,0.0000e+00,2.0000e+01
4.4050e-03,9.0689e-03,0.0000e+00,2.0000e+01
5.6860e-03,9.8619e-03,0.0000e+00,2.0000e+01
6.7693e-03,1.0778e-02,0.0000e+00,2.0000e+01
7.3566e-03,1.2067e-02,0.0000e+00,2.0000e+01
7.9017e-03,1.2873e-02,0.0000e+00,2.0000e+01
9.0944e-03,1.2697e-02,0.0000e+00,2.0000e+01
9.4496e-03,1.2062e-02,0.0000e+00,2.0000e+01
7.4073e-03,1.1185e-02,0.0000e+00,2.0000e+01
4.7876e-03,9.4367e-03,0.0000e+00,2.0000e+01
3.5648e-03,7.3206e-03,0.0000e+00,2.0000e+01
2.4752e-03,6.4141e-03,0.0000e+00,2.0000e+01
-6.3328e-05,6.4822e-03,0.0000e+00,2.0000e+01
-2.6078e-03,5.1087e-03,0.0000e+00,2.0000e+01
-5.2748e-03,3.2784e-03,0.0000e+00,2.0000e+01
-7.7938e-03,3.5667e-03,0.0000e+00,2.0000e+01
-1.3266e-02,8.5013e-03,0.0000e+00,2.0000e+01
-6.9898e-03,4.9278e-03,0.0000e+00,2.0000e+01
-1.4129e-02,8.5687e-03,0.0000e+00,2.0000e+01
-1.8230e-02,7.2482e-03,0.0000e+00,2.0000e+01
-1.7174e-02,4.5818e-03,0.0000e+00,2.0000e+01
-1.5932e-02,8.0357e-03,0.0000e+00,2.0000e+01
-1.2999e-02,1.1885e-02,0.0000e+00,2.0000e+01
-1.2591e-02,1.2325e-02,0.0000e+00,2.0000e+01
-1.3817e-02,1.0129e-02,0.0000e+00,2.0000e+01
-1.4079e-02,9.8097e-03,0.0000e+00,2.0000e+01
-1.2356e-02,1.1606e-02,0.0000e+00,2.0000e+01
-1.0985e-02,1.3075e-02,0.0000e+00,2.0000e+01
-1.0927e-02,1.3367e-02,0.0000e+00,2.0000e+01
-1.1177e-02,1.3742e-02,0.0000e+00,2.0000e+01
-1.1107e-02,1.4735e-02,0.0000e+00,2.0000e+01
-1.0983e-02,1.5328e-02,0.0000e+00,2.0000e+01
-1.0870e-02,1.4920e-02,0.0000e+00,2.0000e+01
-1.0625e-02,1.4307e-02,0.0000e+00,2.0000e+01
-1.0545e-02,1.3961e-02,0.0000e+00,2.0000e+01
-1.1087e-02,1.2869e-02,0.0000e+00,2.0000e+01
-1.1750e-02,1.0163e-02,0.0000e+00,2.0000e+01
-1.1660e-02,7.2454e-03,0.0000e+00,2.0000e+01
-1.0816e-02,5.9930e-03,0.0000e+00,2.0000e+01
-9.6843e-03,5.9572e-03,0.0000e+00,2.0000e+01
-8.3178e-03,5.4444e-03,0.0000e+00,2.0000e+01
-6.9551e-03,4.3182e-03,0.0000e+00,2.0000e+01
-6.3710e-03,3.7689e-03,0.0000e+00,2.0000e+01
-6.6787e-03,4.0933e-03,0.0000e+00,2.0000e+01
-6.8855e-03,4.3678e-03,0.0000e+00,2.0000e+01
-6.4402e-03,4.0575e-03,0.0000e+00,2.0000e+01
-6.1228e-03,3.7174e-03,0.0000e+00,2.0000e+01
-6.6179e-03,3.9859e-03,0.0000e+00,2.0000e+01
-7.3428e-03,4.6368e-03,0.0000e+00,2.0000e+01
-7.6010e-03,4.9437e-03,0.0000e+00,2.0000e+01
-7.8104e-03,4.7548e-03,0.0000e+00,2.0000e+01
-8.4645e-03,4.8488e-03,0.0000e+00,2.0000e+01
-9.1291e-03,5.8710e-03,0.0000e+00,2.0000e+01
-9.6379e-03,6.9117e-03,0.0000e+00,2.0000e+01
-1.1259e-02,6.4570e-03,0.0000e+00,2.0000e+01
-1.4458e-02,4.8537e-03,0.0000e+00,2.0000e+01
-1.7234e-02,4.2740e-03,0.0000e+00,2.0000e+01
-1.7956e-02,5.5167e-03,0.0000e+00,2.0000e+01
-1.7920e-02,6.9966e-03,0.0000e+00,2.0000e+01
-1.8606e-02,7.6961e-03,0.0000e+00,2.0000e+01
-1.9089e-02,8.6052e-03,0.0000e+00,2.0000e+01
-1.8408e-02,1.0293e-02,0.0000e+00,2.0000e+01
-1.7603e-02,1.1693e-02,0.0000e+00,2.0000e+01
-1.7814e-02,1.2015e-02,0.0000e+00,2.0000e+01
-1.8789e-02,1.1777e-02,0.0000e+00,2.0000e+01
-1.9733e-02,1.1827e-02,0.0000e+00,2.0000e+01
-1.9982e-02,1.2609e-02,0.0000e+00,2.0000e+01
-1.9306e-02,1.4075e-02,0.0000e+00,2.0000e+01
-1.8381e-02,1.5720e-02,0.0000e+00,2.0000e+01
-1.7877e-02,1.7184e-02,0.0000e+00,2.0000e+01
-1.7274e-02,1.8797e-02,0.0000e+00,2.0000e+01
-1.5704e-02,2.0642e-02,0.0000e+00,2.0000e+01
-1.3588e-02,2.2049e-02,0.0000e+00,2.0000e+01
-1.1808e-02,2.2402e-02,0.0000e+00,2.0000e+01
-1.0373e-02,2.2030e-02,0.0000e+00,2.0000e+01
-8.7189e-03,2.1818e-02,0.0000e+00,2.0000e+01
-6.3833e-03,2.1814e-02,0.0000e+00,2.0000e+01
-3.2816e-03,2.1266e-02,0.0000e+00,2.0000e+01
-1.7554e-04,2.0364e-02,0.0000e+00,2.0000e+01
1.9223e-03,2.0110e-02,0.0000e+00,2.0000e+01
3.5112e-03,1.9847e-02,0.0000e+00,2.0000e+01
5.9306e-03,1.7607e-02,0.0000e+00,2.0000e+01
8.0394e-03,1.3808e-02,0.0000e+00,2.0000e+01
6.7660e-03,1.0976e-02,0.0000e+00,2.0000e+01
2.6529e-03,8.8207e-03,0.0000e+00,2.0000e+01
5.3543e-04,4.5180e-03,0.0000e+00,2.0000e+01
2.2351e-03,-1.0090e-03,0.0000e+00,2.0000e+01
3.6525e-03,-3.1201e-03,0.0000e+00,2.0000e+01
1.7315e-03,-9.9778e-04,0.0000e+00,2.0000e+01
-8.4026e-04,8.1575e-04,0.0000e+00,2.0000e+01
-1.8598e-04,-4.5670e-04,0.0000e+00,2.0000e+01
3.5960e-03,-2.1366e-03,0.0000e+00,2.0000e+01
7.5109e-03,-5.9945e-04,0.0000e+00,2.0000e+01
9.4119e-03,4.0779e-03,0.0000e+00,2.0000e+01
1.0300e-02,8.9528e-03,0.0000e+00,2.0000e+01
1.2588e-02,1.1602e-02,0.0000e+00,2.0000e+01
1.6073e-02,1.2256e-02,0.0000e+00,2.0000e+01
1.7377e-02,1.3034e-02,0.0000e+00,2.0000e+01
1.5159e-02,1.4661e-02,0.0000e+00,2.0000e+01
1.2676e-02,1.5260e-02,0.0000e+00,2.0000e+01
1.2939e-02,1.3428e-02,0.0000e+00,2.0000e+01
1.4604e-02,1.0611e-02,0.0000e+00,2.0000e+01
1.4853e-02,9.0111e-03,0.0000e+00,2.0000e+01
1.3731e-02,8.6879e-03,0.0000e+00,2.0000e+01
1.3258e-02,8.2134e-03,0.0000e+00,2.0000e+01
1.4044e-02,6.9971e-03,0.0000e+00,2.0000e+01
1.4897e-02,5.6671e-03,0.0000e+00,2.0000e+01
1.4843e-02,4.7818e-03,0.0000e+00,2.0000e+01
1.4022e-02,4.0934e-03,0.0000e+00,2.0000e+01
1.3129e-02,3.0971e-03,0.0000e+00,2.0000e+01
1.2811e-02,1.8397e-03,0.0000e+00,2.0000e+01
1.3303e-02,9.1113e-04,0.0000e+00,2.0000e+01
1.4005e-02,7.3829e-04,0.0000e+00,2.0000e+01
1.4311e-02,1.2130e-03,0.0000e+00,2.0000e+01
1.4502e-02,2.0528e-03,0.0000e+00,2.0000e+01
1.5003e-02,3.0665e-03,0.0000e+00,2.0000e+01
1.5401e-02,3.9871e-03,0.0000e+00,2.0000e+01
1.4882e-02,4.5993e-03,0.0000e+00,2.0000e+01
1.3442e-02,5.0359e-03,0.0000e+00,2.0000e+01
1.1853e-02,5.4136e-03,0.0000e+00,2.0000e+01
1.0735e-02,5.4347e-03,0.0000e+00,2.0000e+01
1.0251e-02,5.0089e-03,0.0000e+00,2.0000e+01
1.0313e-02,4.7843e-03,0.0000e+00,2.0000e+01
1.0495e-02,5.2325e-03,0.0000e+00,2.0000e+01
1.0146e-02,5.7450e-03,0.0000e+00,2.0000e+01
9.1975e-03,5.4620e-03,0.0000e+00,2.0000e+01
8.5798e-03,4.5753e-03,0.0000e+00,2.0000e+01
8.9976e-03,4.1409e-03,0.0000e+00,2.0000e+01
9.4204e-03,4.8451e-03,0.0000e+00,2.0000e+01
8.3977e-03,6.2569e-03,0.0000e+00,2.0000e+01
6.7351e-03,7.4061e-03,0.0000e+00,2.0000e+01
6.4926e-03,8.0669e-03,0.0000e+00,2.0000e+01
7.6429e-03,8.6047e-03,0.0000e+00,2.0000e+01
8.1197e-03,8.7218e-03,0.0000e+00,2.0000e+01
7.1277e-03,7.9743e-03,0.0000e+00,2.0000e+01
5.9660e-03,6.8912e-03,0.0000e+00,2.0000e+01
5.6586e-03,6.3396e-03,0.0000e+00,2.0000e+01
5.5917e-03,6.1677e-03,0.0000e+00,2.0000e+01
5.0095e-03,5.6899e-03,0.0000e+00,2.0000e+01
4.3498e-03,4.9807e-03,0.0000e+00,2.0000e+01
4.3807e-03,4.8083e-03,0.0000e+00,2.0000e+01
5.1112e-03,5.6600e-03,0.0000e+00,2.0000e+01
6.2503e-03,7.2849e-03,0.0000e+00,2.0000e+01
7.8496e-03,9.0154e-03,0.0000e+00,2.0000e+01
9.6161e-03,1.0408e-02,0.0000e+00,2.0000e+01
1.0476e-02,1.1545e-02,0.0000e+00,2.0000e+01
1.0124e-02,1.2399e-02,0.0000e+00,2.0000e+01
1.0039e-02,1.2074e-02,0.0000e+00,2.0000e+01
1.1092e-02,9.8163e-03,0.0000e+00,2.0000e+01
1.1287e-02,6.7198e-03,0.0000e+00,2.0000e+01
8.5685e-03,4.7948e-03,0.0000e+00,2.0000e+01
4.6080e-03,4.3672e-03,0.0000e+00,2.0000e+01
2.6138e-03,4.1773e-03,0.0000e+00,2.0000e+01
2.8708e-03,3.6275e-03,0.0000e+00,2.0000e+01
3.3953e-03,3.3151e-03,0.0000e+00,2.0000e+01
3.3766e-03,3.6421e-03,0.0000e+00,2.0000e+01
3.6463e-03,4.4440e-03,0.0000e+00,2.0000e+01
4.5754e-03,5.3837e-03,0.0000e+00,2.0000e+01
5.0984e-03,5.6845e-03,0.0000e+00,2.0000e+01
4.1032e-03,4.5266e-03,0.0000e+00,2.0000e+01
2.2838e-03,2.6637e-03,0.0000e+00,2.0000e+01
1.5532e-03,1.9997e-03,0.0000e+00,2.0000e+01
2.1904e-03,2.5291e-03,0.0000e+00,2.0000e+01
2.2676e-03,2.2336e-03,0.0000e+00,2.0000e+01
7.7295e-04,7.6515e-04,0.0000e+00,2.0000e+01
-7.3014e-04,-1.9111e-04,0.0000e+00,2.0000e+01
-4.7845e-04,-2.6014e-04,0.0000e+00,2.0000e+01
8.1226e-04,-3.4278e-04,0.0000e+00,2.0000e+01
5.8016e-04,1.0517e-06,0.0000e+00,2.0000e+01
-1.9796e-03,1.3897e-03,0.0000e+00,2.0000e+01
-3.9208e-03,2.1843e-03,0.0000e+00,2.0000e+01
-2.3808e-03,1.0839e-03,0.0000e+00,2.0000e+01
5.0792e-04,1.3109e-04,0.0000e+00,2.0000e+01
1.8212e-04,9.6412e-04,0.0000e+00,2.0000e+01
-3.3549e-03,1.1752e-03,0.0000e+00,2.0000e+01
-5.5056e-03,-8.4565e-04,0.0000e+00,2.0000e+01
-4.4493e-03,-1.9081e-03,0.0000e+00,2.0000e+01
-2.2417e-03,-1.0296e-04,0.0000e+00,2.0000e+01
-2.2888e-03,1.9181e-03,0.0000e+00,2.0000e+01
-4.3615e-03,6.4900e-04,0.0000e+00,2.0000e+01
-5.6279e-03,-1.4000e-03,0.0000e+00,2.0000e+01
-4.7361e-03,-4.5115e-04,0.0000e+00,2.0000e+01
-3.2226e-03,2.1758e-03,0.0000e+00,2.0000e+01
-2.9404e-03,3.1230e-03,0.0000e+00,2.0000e+01
-3.7709e-03,2.3765e-03,0.0000e+00,2.0000e+01
-4.6216e-03,2.2242e-03,0.0000e+00,2.0000e+01
-5.1441e-03,3.3839e-03,0.0000e+00,2.0000e+01
-5.7958e-03,4.4775e-03,0.0000e+00,2.0000e+01
-6.9708e-03,4.4477e-03,0.0000e+00,2.0000e+01
-8.2768e-03,4.2968e-03,0.0000e+00,2.0000e+01
-8.6779e-03,5.8184e-03,0.0000e+00,2.0000e+01
-7.9679e-03,8.5726e-03,0.0000e+00,2.0000e+01
-7.6344e-03,9.8345e-03,0.0000e+00,2.0000e+01
-8.8979e-03,8.5006e-03,0.0000e+00,2.0000e+01
-1.0537e-02,6.6598e-03,0.0000e+00,2.0000e+01
-1.0552e-02,6.0708e-03,0.0000e+00,2.0000e+01
-8.8884e-03,5.8903e-03,0.0000e+00,2.0000e+01
-7.1853e-03,5.0905e-03,0.0000e+00,2.0000e+01
-6.4977e-03,4.2434e-03,0.0000e+00,2.0000e+01
-6.2487e-03,3.9036e-03,0.0000e+00,2.0000e+01
-5.3022e-03,3.4389e-03,0.0000e+00,2.0000e+01
-3.5591e-03,2.4094e-03,0.0000e+00,2.0000e+01
-2.3817e-03,1.6552e-03,0.0000e+00,2.0000e+01
-2.7224e-03,1.8056e-03,0.0000e+00,2.0000e+01
-3.1926e-03,1.9234e-03,0.0000e+00,2.0000e+01
-1.9387e-03,1.1461e-03,0.0000e+00,2.0000e+01
1.5687e-04,2.1549e-04,0.0000e+00,2.0000e+01
7.2548e-04,-1.7024e-04,0.0000e+00,2.0000e+01
-3.2745e-04,-4.1646e-04,0.0000e+00,2.0000e+01
-6.5912e-04,-2.8823e-04,0.0000e+00,2.0000e+01
9.5199e-04,1.1188e-03,0.0000e+00,2.0000e+01
2.6630e-03,2.8203e-03,0.0000e+00,2.0000e+01
2.2789e-03,2.5921e-03,0.0000e+00,2.0000e+01
5.2354e-04,6.9100e-04,0.0000e+00,2.0000e+01
-3.8039e-04,-4.3849e-04,0.0000e+00,2.0000e+01
-1.6089e-04,-1.7984e-04,0.0000e+00,2.0000e+01
-2.0773e-05,8.9900e-06,0.0000e+00,2.0000e+01
-3.4514e-06,-1.0424e-04,0.0000e+00,2.0000e+01
7.4668e-04,7.7070e-04,0.0000e+00,2.0000e+01
2.0519e-03,2.5926e-03,0.0000e+00,2.0000e+01
2.9150e-03,3.5209e-03,0.0000e+00,2.0000e+01
2.8253e-03,2.6672e-03,0.0000e+00,2.0000e+01
1.8090e-03,1.6415e-03,0.0000e+00,2.0000e+01
2.0003e-04,2.5927e-03,0.0000e+00,2.0000e+01
-1.5802e-03,5.0744e-03,0.0000e+00,2.0000e+01
-3.6176e-03,6.4061e-03,0.0000e+00,2.0000e+01
-6.1242e-03,5.6734e-03,0.0000e+00,2.0000e+01
-8.7298e-03,5.0222e-03,0.0000e+00,2.0000e+01
-1.1068e-02,6.4336e-03,0.0000e+00,2.0000e+01
-1.3440e-02,9.3986e-03,0.0000e+00,2.0000e+01
-1.6669e-02,1.2012e-02,0.0000e+00,2.0000e+01
-2.1456e-02,1.3003e-02,0.0000e+00,2.0000e+01
-2.7524e-02,1.2741e-02,0.0000e+00,2.0000e+01
-3.3456e-02,1.2612e-02,0.0000e+00,2.0000e+01
-3.8181e-02,1.3529e-02,0.0000e+00,2.0000e+01
-4.1848e-02,1.5219e-02,0.0000e+00,2.0000e+01
-4.5215e-02,1.6949e-02,0.0000e+00,2.0000e+01
-4.8847e-02,1.8249e-02,0.0000e+00,2.0000e+01
-5.3175e-02,1.9206e-02,0.0000e+00,2.0000e+01
-5.7615e-02,2.0242e-02,0.0000e+00,2.0000e+01
-6.1344e-02,2.1861e-02,0.0000e+00,2.0000e+01
-6.4605e-02,2.4173e-02,0.0000e+00,2.0000e+01
-6.8855e-02,2.6729e-02,0.0000e+00,2.0000e+01
-7.3475e-02,2.8285e-02,0.0000e+00,2.0000e+01
-7.7940e-02,2.8604e-02,0.0000e+00,2.0000e+01
-8.1562e-02,2.8385e-02,0.0000e+00,2.0000e+01
-8.8672e-02,2.9861e-02,0.0000e+00,2.0000e+01
-9.4003e-02,3.1323e-02,0.0000e+00,2.0000e+01
-9.0326e-02,3.0284e-02,0.0000e+00,2.0000e+01
-1.0054e-01,3.4991e-02,0.0000e+00,2.0000e+01
-9.6311e-02,3.6611e-02,0.0000e+00,2.0000e+01
-9.5870e-02,4.0725e-02,0.0000e+00,2.0000e+01
-9.5923e-02,4.4979e-02,0.0000e+00,2.0000e+01
-9.6254e-02,4.8507e-02,0.0000e+00,2.0000e+01
-9.5825e-02,5.1164e-02,0.0000e+00,2.0000e+01
-9.5438e-02,5.3714e-02,0.0000e+00,2.0000e+01
-9.5352e-02,5.6613e-02,0.0000e+00,2.0000e+01
-9.5848e-02,5.9993e-02,0.0000e+00,2.0000e+01
-9.6566e-02,6.3536e-02,0.0000e+00,2.0000e+01
-9.6653e-02,6.6722e-02,0.0000e+00,2.0000e+01
-9.5984e-02,6.9118e-02,0.0000e+00,2.0000e+01
-9.5956e-02,7.0735e-02,0.0000e+00,2.0000e+01
-9.7031e-02,7.1916e-02,0.0000e+00,2.0000e+01
-9.7661e-02,7.3333e-02,0.0000e+00,2.0000e+01
-9.7203e-02,7.5526e-02,0.0000e+00,2.0000e+01
-9.7672e-02,7.8156e-02,0.0000e+00,2.0000e+01
-1.0027e-01,8.0662e-02,0.0000e+00,2.0000e+01
-1.0249e-01,8.3754e-02,0.0000e+00,2.0000e+01
-1.0168e-01,8.8459e-02,0.0000e+00,2.0000e+01
-9.9728e-02,9.3494e-02,0.0000e+00,2.0000e+01
-1.0050e-01,9.6114e-02,0.0000e+00,2.0000e+01
-1.0369e-01,9.6421e-02,0.0000e+00,2.0000e+01
-1.0492e-01,9.7753e-02,0.0000e+00,2.0000e+01
-1.0223e-01,1.0193e-01,0.0000e+00,2.0000e+01
-9.7748e-02,1.0681e-01,0.0000e+00,2.0000e+01
-9.3648e-02,1.1050e-01,0.0000e+00,2.0000e+01
-9.0432e-02,1.1452e-01,0.0000e+00,2.0000e+01
-8.7129e-02,1.1912e-01,0.0000e+00,2.0000e+01
-8.3186e-02,1.2155e-01,0.0000e+00,2.0000e+01
-7.9918e-02,1.2279e-01,0.0000e+00,2.0000e+01
-7.7384e-02,1.2448e-01,0.0000e+00,2.0000e+01
-7.8613e-02,1.3260e-01,0.0000e+00,2.0000e+01
-7.0467e-02,1.2201e-01,0.0000e+00,2.0000e+01
-7.5825e-02,1.3091e-01,0.0000e+00,2.0000e+01
-7.6140e-02,1.2880e-01,0.0000e+00,2.0000e+01
-7.5363e-02,1.2556e-01,0.0000e+00,2.0000e+01
-7.6793e-02,1.2731e-01,0.0000e+00,2.0000e+01
-7.7891e-02,1.2687e-01,0.0000e+00,2.0000e+01
-7.9876e-02,1.2419e-01,0.0000e+00,2.0000e+01
-8.2527e-02,1.1993e-01,0.0000e+00,2.0000e+01
-8.5529e-02,1.1649e-01,0.0000e+00,2.0000e+01
-8.8224e-02,1.1406e-01,0.0000e+00,2.0000e+01
-9.1085e-02,1.1210e-01,0.0000e+00,2.0000e+01
-9.3284e-02,1.0910e-01,0.0000e+00,2.0000e+01
-9.4701e-02,1.0651e-01,0.0000e+00,2.0000e+01
-9.5593e-02,1.0557e-01,0.0000e+00,2.0000e+01
-1.0074e-01,1.0990e-01,0.0000e+00,2.0000e+01
-9.2491e-02,9.9574e-02,0.0000e+00,2.0000e+01
-9.9445e-02,1.0588e-01,0.0000e+00,2.0000e+01
-9.7637e-02,1.0305e-01,0.0000e+00,2.0000e+01
-9.4764e-02,9.7996e-02,0.0000e+00,2.0000e+01
-9.6096e-02,9.5634e-02,0.0000e+00,2.0000e+01
-9.5931e-02,9.2023e-02,0.0000e+00,2.0000e+01
-9.3220e-02,8.8665e-02,0.0000e+00,2.0000e+01
-8.8158e-02,8.5612e-02,0.0000e+00,2.0000e+01
-8.2533e-02,8.2574e-02,0.0000e+00,2.0000e+01
-7.5913e-02,7.8052e-02,0.0000e+00,2.0000e+01
-6.8010e-02,7.2700e-02,0.0000e+00,2.0000e+01
-5.9589e-02,6.7853e-02,0.0000e+00,2.0000e+01
-5.2252e-02,6.3473e-02,0.0000e+00,2.0000e+01
-4.6482e-02,5.8260e-02,0.0000e+00,2.0000e+01
-4.1181e-02,5.2387e-02,0.0000e+00,2.0000e+01
-3.5310e-02,4.7351e-02,0.0000e+00,2.0000e+01
-2.9753e-02,4.3356e-02,0.0000e+00,2.0000e+01
-2.6020e-02,3.9031e-02,0.0000e+00,2.0000e+01
-2.3478e-02,3.3643e-02,0.0000e+00,2.0000e+01
-1.9861e-02,2.8262e-02,0.0000e+00,2.0000e+01
-1.4380e-02,2.4088e-02,0.0000e+00,2.0000e+01
-8.7625e-03,2.0989e-02,0.0000e+00,2.0000e+01
-4.7254e-03,1.8426e-02,0.0000e+00,2.0000e+01
-1.4362e-03,1.6054e-02,0.0000e+00,2.0000e+01
2.9123e-03,1.3182e-02,0.0000e+00,2.0000e+01
7.8705e-03,9.4602e-03,0.0000e+00,2.0000e+01
1.1085e-02,5.9195e-03,0.0000e+00,2.0000e+01
1.1481e-02,3.3448e-03,0.0000e+00,2.0000e+01
1.0170e-02,4.8651e-04,0.0000e+00,2.0000e+01
8.6070e-03,-3.9739e-03,0.0000e+00,2.0000e+01
7.5843e-03,-8.8986e-03,0.0000e+00,2.0000e+01
7.4809e-03,-1.2105e-02,0.0000e+00,2.0000e+01
8.3515e-03,-1.3279e-02,0.0000e+00,2.0000e+01
9.7931e-03,-1.3785e-02,0.0000e+00,2.0000e+01
1.0832e-02,-1.4665e-02,0.0000e+00,2.0000e+01
1.0456e-02,-1.6178e-02,0.0000e+00,2.0000e+01
8.8420e-03,-1.8030e-02,0.0000e+00,2.0000e+01
7.2627e-03,-1.9220e-02,0.0000e+00,2.0000e+01
6.1567e-03,-1.8730e-02,0.0000e+00,2.0000e+01
4.8217e-03,-1.7246e-02,0.0000e+00,2.0000e+01
3.0150e-03,-1.6211e-02,0.0000e+00,2.0000e+01
1.4234e-03,-1.5602e-02,0.0000e+00,2.0000e+01
4.8789e-04,-1.3703e-02,0.0000e+00,2.0000e+01
3.0268e-04,-9.7039e-03,0.0000e+00,2.0000e+01
1.0568e-03,-5.3697e-03,0.0000e+00,2.0000e+01
2.3942e-03,-3.3036e-03,0.0000e+00,2.0000e+01
3.3116e-03,-4.0004e-03,0.0000e+00,2.0000e+01
3.5274e-03,-5.5518e-03,0.0000e+00,2.0000e+01
3.7492e-03,-5.9425e-03,0.0000e+00,2.0000e+01
4.1207e-03,-5.0895e-03,0.0000e+00,2.0000e+01
3.8535e-03,-4.8235e-03,0.0000e+00,2.0000e+01
2.9879e-03,-6.6096e-03,0.0000e+00,2.0000e+01
2.8650e-03,-9.4424e-03,0.0000e+00,2.0000e+01
3.9075e-03,-1.1377e-02,0.0000e+00,2.0000e+01
4.8754e-03,-1.2380e-02,0.0000e+00,2.0000e+01
5.4574e-03,-1.3482e-02,0.0000e+00,2.0000e+01
6.8423e-03,-1.4445e-02,0.0000e+00,2.0000e+01
9.1199e-03,-1.4696e-02,0.0000e+00,2.0000e+01
1.0975e-02,-1.3998e-02,0.0000e+00,2.0000e+01
1.2879e-02,-1.1614e-02,0.0000e+00,2.0000e+01
1.7227e-02,-6.6015e-03,0.0000e+00,2.0000e+01
2.4307e-02,-3.0876e-04,0.0000e+00,2.0000e+01
3.0580e-02,2.5029e-03,0.0000e+00,2.0000e+01
3.2091e-02,-2.5388e-03,0.0000e+00,2.0000e+01
2.8487e-02,-1.4980e-02,0.0000e+00,2.0000e+01
2.1785e-02,-3.0355e-02,0.0000e+00,2.0000e+01
1.3192e-02,-4.5511e-02,0.0000e+00,2.0000e+01
3.4164e-03,-5.9893e-02,0.0000e+00,2.0000e+01
-5.2111e-03,-7.0831e-02,0.0000e+00,2.0000e+01
-9.0404e-03,-7.2292e-02,0.0000e+00,2.0000e+01
-5.5369e-03,-6.1197e-02,0.0000e+00,2.0000e+01
4.1603e-03,-4.1947e-02,0.0000e+00,2.0000e+01
1.4018e-02,-2.3810e-02,0.0000e+00,2.0000e+01
1.6174e-02,-1.5386e-02,0.0000e+00,2.0000e+01
9.3586e-03,-1.7473e-02,0.0000e+00,2.0000e+01
2.3391e-03,-2.0364e-02,0.0000e+00,2.0000e+01
4.1710e-03,-1.3712e-02,0.0000e+00,2.0000e+01
1.2272e-02,-2.0800e-04,0.0000e+00,2.0000e+01
1.8567e-02,1.0829e-02,0.0000e+00,2.0000e+01
2.0379e-02,1.5831e-02,0.0000e+00,2.0000e+01
2.8851e-02,2.9301e-02,0.0000e+00,2.0000e+01
5.0291e-02,6.0136e-02,0.0000e+00,2.0000e+01
8.8060e-02,1.1640e-01,0.0000e+00,2.0000e+01
1.0385e-01,1.4546e-01,0.0000e+00,2.0000e+01
1.1614e-01,1.7008e-01,0.0000e+00,2.0000e+01
1.1218e-01,1.6715e-01,0.0000e+00,2.0000e+01
9.3656e-02,1.3704e-01,0.0000e+00,2.0000e+01
8.3571e-02,1.1741e-01,0.0000e+00,2.0000e+01
7.6149e-02,1.0307e-01,0.0000e+00,2.0000e+01
6.9262e-02,8.9618e-02,0.0000e+00,2.0000e+01
5.9462e-02,7.1463e-02,0.0000e+00,2.0000e+01
4.9948e-02,5.7077e-02,0.0000e+00,2.0000e+01
4.1779e-02,5.1959e-02,0.0000e+00,2.0000e+01
3.5159e-02,5.4088e-02,0.0000e+00,2.0000e+01
3.0431e-02,5.8053e-02,0.0000e+00,2.0000e+01
2.8367e-02,6.2662e-02,0.0000e+00,2.0000e+01
2.8220e-02,6.7877e-02,0.0000e+00,2.0000e+01
2.8838e-02,7.2255e-02,0.0000e+00,2.0000e+01
2.9844e-02,7.4776e-02,0.0000e+00,2.0000e+01
3.1685e-02,7.7711e-02,0.0000e+00,2.0000e+01
3.3471e-02,8.1115e-02,0.0000e+00,2.0000e+01
